County,Raw Address,Notes,Name,source
Appling,83 South Oak Street Baxley GA 31513,,,https://georgiapeanutgallery.org/2020/09/28/drop-box-locations-for-november-3-2020-election/
Appling,Appling County Courthouse Annex building,,Appling County Courthouse Annex building,https://georgiapeanutgallery.org/2020/09/28/drop-box-locations-for-november-3-2020-election/
Atkinson,"636 Austin Ave, East Pearson GA 31642",,,https://georgiapeanutgallery.org/2020/09/28/drop-box-locations-for-november-3-2020-election/
Bacon,"232 W 12th Street, Alma GA 31510",,,https://georgiapeanutgallery.org/2020/09/28/drop-box-locations-for-november-3-2020-election/
Baker,"    167 Baker Place, Newton GA 39870",,,https://georgiapeanutgallery.org/2020/09/28/drop-box-locations-for-november-3-2020-election/
Baldwin,"121 N Wilkinson St, Suite 102 Milledgeville GA 31061",    In front of the Courthouse,,https://georgiapeanutgallery.org/2020/09/28/drop-box-locations-for-november-3-2020-election/
Baldwin,"1601 North Columbia Street, Milledgeville GA 31061",,,https://georgiapeanutgallery.org/2020/09/28/drop-box-locations-for-november-3-2020-election/
Banks,"    226 Candler St., Homer, GA 30547",,,https://georgiapeanutgallery.org/2020/09/28/drop-box-locations-for-november-3-2020-election/
Barrow,"    233 E. Broad St, Winder GA 30680",,,https://georgiapeanutgallery.org/2020/09/28/drop-box-locations-for-november-3-2020-election/
Bartow,"135 W. Cherokee Ave., Cartersville, GA 30120",    Located on the sidewalk in front of the front door.,Bartow County Courthouse,https://georgiapeanutgallery.org/2020/09/28/drop-box-locations-for-november-3-2020-election/
Bartow,"1300 Joe Frank Harris Pkwy., Cartersville, GA 30120",    Mail slot in front door.,Bartow County Board of Elections and Voter Registration,https://georgiapeanutgallery.org/2020/09/28/drop-box-locations-for-november-3-2020-election/
Bartow,"6503 Glade Rd., Acworth, GA 30102",    Located on the sidewalk to the right of the building.,Allatoona Resource Center,https://georgiapeanutgallery.org/2020/09/28/drop-box-locations-for-november-3-2020-election/
Bartow,"30 Burges Mill Rd., Euharlee, GA 30145",    Located on the sidewalk to the right of the building.,Euharlee City Hall,https://georgiapeanutgallery.org/2020/09/28/drop-box-locations-for-november-3-2020-election/
Bartow,"163-B Manning Mill Road, Adairsville, GA 30103",,Manning Mill Gym,https://georgiapeanutgallery.org/2020/09/28/drop-box-locations-for-november-3-2020-election/
Ben Hill,115 W Pine St Fitzgerald Ga 31750,,,https://georgiapeanutgallery.org/2020/09/28/drop-box-locations-for-november-3-2020-election/
Berrien,"201 N Davis St, Room 142 Nashville,Ga 31639",,,https://georgiapeanutgallery.org/2020/09/28/drop-box-locations-for-november-3-2020-election/
Bibb,"2525 Pio Nono Avenue #1200, Macon, GA 31206",,Macon Bibb County Board Of Elections,https://georgiapeanutgallery.org/2020/09/28/drop-box-locations-for-november-3-2020-election/
Bibb,"2524 Pio Nono Avenue, Suite 1200, Macon, Ga 31206",outside,Macon Bibb County Board Of Elections,https://georgiapeanutgallery.org/2020/09/28/drop-box-locations-for-november-3-2020-election/
Bleckley,"112 North Second Street, Bleckley Ga 31014",Behind the courthouse,,https://georgiapeanutgallery.org/2020/09/28/drop-box-locations-for-november-3-2020-election/
Brantley,"10305 N Main St Ste 400, Nahunta, GA 31553",Drop box is on the door to our office,,https://georgiapeanutgallery.org/2020/09/28/drop-box-locations-for-november-3-2020-election/
Brooks,"610 S. Highland Rd. Quitman,Ga 31643",,,https://georgiapeanutgallery.org/2020/09/28/drop-box-locations-for-november-3-2020-election/
Bryan,"151 S. College St., Pembroke, GA 31321",,Bryan County Courthouse,https://georgiapeanutgallery.org/2020/09/28/drop-box-locations-for-november-3-2020-election/
Bryan,"66 Captain Matthew Freeman Drive, Richmond Hill GA 31324",,Bryan County Administration Building,https://georgiapeanutgallery.org/2020/09/28/drop-box-locations-for-november-3-2020-election/
Bulloch,"113 North Main Street, Suite 201, Statesboro GA 30458",There are two dropboxes at this location,,https://georgiapeanutgallery.org/2020/09/28/drop-box-locations-for-november-3-2020-election/
Burke,"625 West Third Street, Jackson GA 30233",,,https://georgiapeanutgallery.org/2020/09/28/drop-box-locations-for-november-3-2020-election/
Calhoun,"31 Court Street, Suite A, Morgan GA 39866",,,https://georgiapeanutgallery.org/2020/09/28/drop-box-locations-for-november-3-2020-election/
Camden,"200 E 4th Street Woodbine Ga, 31569",,,https://georgiapeanutgallery.org/2020/09/28/drop-box-locations-for-november-3-2020-election/
Camden,"107 Gross Road Kingsland Ga, 31548",,,https://georgiapeanutgallery.org/2020/09/28/drop-box-locations-for-november-3-2020-election/
Candler,"1075 E Hiawatha Street, Ste A Metter, Ga 30439",,,https://georgiapeanutgallery.org/2020/09/28/drop-box-locations-for-november-3-2020-election/
Carroll,"423 College Street, Room 302, Carrollton GA 30112",There's a mail slot in the door inside for absentee ballots,,https://georgiapeanutgallery.org/2020/09/28/drop-box-locations-for-november-3-2020-election/
Catoosa,"    5238 Evitt Street, Ringgold GA 30736",,,https://georgiapeanutgallery.org/2020/09/28/drop-box-locations-for-november-3-2020-election/
Chatham,"1117 Eisenhower Drive, Suite F, Savannah GA 31406",,Chatham County Board Of Election Office,https://georgiapeanutgallery.org/2020/09/28/drop-box-locations-for-november-3-2020-election/
Chatham,14097 Abercorn St Savannah,,Southwest Library,https://georgiapeanutgallery.org/2020/09/28/drop-box-locations-for-november-3-2020-election/
Chatham,"54 Johnny Mercer Blvd., Savannah",,Whitemarsh Island Chatham County Police Precinct,https://georgiapeanutgallery.org/2020/09/28/drop-box-locations-for-november-3-2020-election/
Chatham,"4437 Skidaway Rd., Savannah",,Savannah State University TA Wright Stadium,https://georgiapeanutgallery.org/2020/09/28/drop-box-locations-for-november-3-2020-election/
Chatham,17 Minus Ave Garden City,,UGA Extension building in Garden City,https://georgiapeanutgallery.org/2020/09/28/drop-box-locations-for-november-3-2020-election/
Chatham,"301 W Oglethorpe Ave,. Savannah",,Civic Center,https://georgiapeanutgallery.org/2020/09/28/drop-box-locations-for-november-3-2020-election/
Chatham,"900 E. Bolton St., Savannah",,WW Law Community Center,https://georgiapeanutgallery.org/2020/09/28/drop-box-locations-for-november-3-2020-election/
Chatham,905 Collat Ave Savannah,,Carver Village Community Center,https://georgiapeanutgallery.org/2020/09/28/drop-box-locations-for-november-3-2020-election/
Chatham,"1401 Mills B Lane Blvd., Savannah",,Liberty City Community Center,https://georgiapeanutgallery.org/2020/09/28/drop-box-locations-for-november-3-2020-election/
Chattahoochee,"215 McNaughton St, Cusseta, GA 31805",,,https://georgiapeanutgallery.org/2020/09/28/drop-box-locations-for-november-3-2020-election/
Chattahoochee,"127 Industrial Park Rd, Cusseta Ga 31805",,,https://georgiapeanutgallery.org/2020/09/28/drop-box-locations-for-november-3-2020-election/
Cherokee,"2780 Marietta Hwy Canton, GA 30114 ",    Located behind the Tax Assessor’s building and Tag Office,County Tax Assessor’s Office (outside) ,https://georgiapeanutgallery.org/2020/09/28/drop-box-locations-for-november-3-2020-election/
Cherokee,7545 Main Street Building 200 Woodstock Ga 30188,,,https://georgiapeanutgallery.org/2020/09/28/drop-box-locations-for-november-3-2020-election/
Clarke Athens-Clarke,"155 E Washington Street, Athens, GA 30601",,Athens-Clarke County Elections Office,https://georgiapeanutgallery.org/2020/09/28/drop-box-locations-for-november-3-2020-election/
Clarke Athens-Clarke,"2025 Baxter Street; Athens, GA 30601 ",,Athens-Clarke County Library,https://georgiapeanutgallery.org/2020/09/28/drop-box-locations-for-november-3-2020-election/
Clarke Athens-Clarke,"775 E Broad Street, Athens, GA 30601 ",,Clarke County Multimodal Transportation Center,https://georgiapeanutgallery.org/2020/09/28/drop-box-locations-for-november-3-2020-election/
Clarke Athens-Clarke,"2350 Barnett Shoals Road, Athens, GA 30605",,Fire Station #7,https://georgiapeanutgallery.org/2020/09/28/drop-box-locations-for-november-3-2020-election/
Clarke Athens-Clarke,275 Cleveland Rd Bogart GA 30622,,Athens-Clarke County Cooperative Extension,https://georgiapeanutgallery.org/2020/09/28/drop-box-locations-for-november-3-2020-election/
Clarke Athens-Clarke,"125 S. Church Street, Winterville, GA 30683",,Winterville City Hall ,https://georgiapeanutgallery.org/2020/09/28/drop-box-locations-for-november-3-2020-election/
Clay,"    210 South Washington Street, Suite 1, Fort Gaines GA 39851",,,https://georgiapeanutgallery.org/2020/09/28/drop-box-locations-for-november-3-2020-election/
Clayton,"121 S. McDonough Street, Annex II, Jonesboro, GA 30236",Side of Courthouse near Handicap Parking,Clayton County Board of Elections & Registration ,https://georgiapeanutgallery.org/2020/09/28/drop-box-locations-for-november-3-2020-election/
Clinch,"25 Court Square, Suite A, Homerville  GA 31634",put ballot in mail slot of Board of Elections office    ,,https://georgiapeanutgallery.org/2020/09/28/drop-box-locations-for-november-3-2020-election/
Cobb,"736 Whitlock Ave, Suite 400, Marietta GA 30064",,Cobb County Elections and Registration,https://www.cobbcounty.org/elections/voting/absentee-voting
Cobb,"1060 Al Bishop Dr., SW, Marietta, GA 30008",,Cobb County Animal Services,https://www.cobbcounty.org/elections/voting/absentee-voting
Cobb,West Cobb Regional Library 1750 Dennis Kemp Ln NW Kennesaw Ga 30152,,West Cobb Regional Library,https://www.cobbcounty.org/elections/voting/absentee-voting
Cobb," 3535 Old 41 Hwy NW, Kennesaw, GA 30144",,North Cobb Regional Library,https://www.cobbcounty.org/elections/voting/absentee-voting
Cobb,"2380 Cobb Pkwy NW, Kennesaw, GA 30152",,Cobb Fire Station 8 ,https://www.cobbcounty.org/elections/voting/absentee-voting
Cobb,"880 Shaw Park Rd, Marietta, GA 30066",,Gritters library,https://www.cobbcounty.org/elections/voting/absentee-voting
Cobb,"3320 Sandy Plains Rd, Marietta, GA 30066",,Mountain View Library,https://www.cobbcounty.org/elections/voting/absentee-voting
Cobb,"4400 Lower Roswell Rd, Marietta, GA 30068",,East Cobb Government Service Center,https://www.cobbcounty.org/elections/voting/absentee-voting
Cobb,2051 Lower Roswell Rd Marietta Ga 30068,,Sewell Mill Library and Cultural Center ,https://www.cobbcounty.org/elections/voting/absentee-voting
Cobb,"1885 Roswell St SE Symrna, Ga 30080",,Windy Hill Community Center ,https://www.cobbcounty.org/elections/voting/absentee-voting
Cobb,"1901 Cumberland Pkwy SE, Atlanta, GA 30339",,Cobb County Fire Station 4,https://www.cobbcounty.org/elections/voting/absentee-voting
Cobb,"4700 Austell Rd, Austell, GA 30106",,South Cobb Government Service Center,https://www.cobbcounty.org/elections/voting/absentee-voting
Cobb,"875 Riverside Pkwy, Austell, GA 30168",,South Cobb Recreation Center,https://www.cobbcounty.org/elections/voting/absentee-voting
Cobb,"805 Clay Rd, Mableton, GA 30126",,South Cobb Regional Library,https://www.cobbcounty.org/elections/voting/absentee-voting
Cobb,"4181 Atlanta St, Powder Springs, GA 30127",,Powder Springs Library,https://www.cobbcounty.org/elections/voting/absentee-voting
Cobb,"Cobb County Fire Station 13, 4640 Dallas Hwy, Marietta, GA 30064",,"Cobb County Fire Station 13, ",https://www.cobbcounty.org/elections/voting/absentee-voting
Coffee,"    224 West Ashley Street, Douglas GA 31533",,,https://georgiapeanutgallery.org/2020/09/28/drop-box-locations-for-november-3-2020-election/
Colquitt,"    101 East Central Ave, Moultrie Ga 31768",,,https://georgiapeanutgallery.org/2020/09/28/drop-box-locations-for-november-3-2020-election/
Cook,"    1200 South Hutchinson Avenue, Adel GA 31620",,,https://georgiapeanutgallery.org/2020/09/28/drop-box-locations-for-november-3-2020-election/
Coweta,"    22 East Broad St., Newnan GA 30263",,,https://georgiapeanutgallery.org/2020/09/28/drop-box-locations-for-november-3-2020-election/
Crawford,    640 Hwy 128. Roberta GA 31078,,,https://georgiapeanutgallery.org/2020/09/28/drop-box-locations-for-november-3-2020-election/
Crisp,"    210 S 7th St, Cordele, GA 31015",,,https://georgiapeanutgallery.org/2020/09/28/drop-box-locations-for-november-3-2020-election/
Dade,"    71 Case Ave, Trenton, GA 30752",,,https://georgiapeanutgallery.org/2020/09/28/drop-box-locations-for-november-3-2020-election/
Dawson,"96 Academy Avenue Dawsonville, GA 30534",On the right side of our building,,https://georgiapeanutgallery.org/2020/09/28/drop-box-locations-for-november-3-2020-election/
Decatur,"122 W Water St. Bainbridge, GA 39817",Outside,County Elections Office,https://georgiapeanutgallery.org/2020/09/28/drop-box-locations-for-november-3-2020-election/
Dekalb,"4362 Peachtree Rd NE, Brookhaven, GA 30319",,Brookhaven City Hall,https://georgiapeanutgallery.org/2020/09/28/drop-box-locations-for-november-3-2020-election/
Dekalb,"4331 River Rd., Ellenwood, GA 30294",,County Line-Ellenwood Library ,https://georgiapeanutgallery.org/2020/09/28/drop-box-locations-for-november-3-2020-election/
Dekalb,"2536 Mellville Ave, Decatur, GA 30032",,Sterling at Candler Village,https://georgiapeanutgallery.org/2020/09/28/drop-box-locations-for-november-3-2020-election/
Dekalb,"    4380 Memorial Drive, Suite 300,
    Decatur GA 30032",There are 3 boxes at this location.,Voter Registration & Elections,https://georgiapeanutgallery.org/2020/09/28/drop-box-locations-for-november-3-2020-election/
Dekalb,"2771 Columbia Drive Decatur, GA 30034",,Exchange Park,https://georgiapeanutgallery.org/2020/09/28/drop-box-locations-for-november-3-2020-election/
Dekalb,"3120 Stonecrest Blvd., Stonecrest, GA 30038",,Stonecrest City Hall ,https://georgiapeanutgallery.org/2020/09/28/drop-box-locations-for-november-3-2020-election/
Dekalb,"875 Main Street, Stone Mountain, GA 30083",,City of Stone Mountain,https://georgiapeanutgallery.org/2020/09/28/drop-box-locations-for-november-3-2020-election/
Dekalb,"4800 Ashford Dunwoody Rd., Dunwoody, GA 30038",,Dunwoody City Hall,https://georgiapeanutgallery.org/2020/09/28/drop-box-locations-for-november-3-2020-election/
Dekalb,"3752 Park Ave., Doraville, GA 30340",,City of Doraville,https://georgiapeanutgallery.org/2020/09/28/drop-box-locations-for-november-3-2020-election/
Dekalb,"1975 Lakeside Parkway Suite 350 Tucker, GA 30084",,City of Tucker,https://georgiapeanutgallery.org/2020/09/28/drop-box-locations-for-november-3-2020-election/
Dekalb,"1282 McConnell Drive, Decatur, GA 30033",,Toco Hill-Avis G. Williams,https://georgiapeanutgallery.org/2020/09/28/drop-box-locations-for-november-3-2020-election/
Dekalb,"5234 LaVista Rd., Tucker, GA 30084",,Tucker-Reid H. Cofer Library,https://georgiapeanutgallery.org/2020/09/28/drop-box-locations-for-november-3-2020-election/
Dekalb,"951 N. Indian Creek Drive, Clarkston, GA 30021",,Clarkston Library,https://georgiapeanutgallery.org/2020/09/28/drop-box-locations-for-november-3-2020-election/
Dekalb,"2861 Wesley Chapel Rd., Decatur, GA 30034",,Wesley Chapel-William C. Brown Library,https://georgiapeanutgallery.org/2020/09/28/drop-box-locations-for-november-3-2020-election/
Dekalb,"509 N. McDonough St., Decatur, GA 30030",,Decatur City Hall,https://georgiapeanutgallery.org/2020/09/28/drop-box-locations-for-november-3-2020-election/
Dekalb,"2538 Panola Rd., Stonecrest, GA 30058",,Lou Walker Senior Center ,https://georgiapeanutgallery.org/2020/09/28/drop-box-locations-for-november-3-2020-election/
Dekalb,"5605 ROCKBRIDGE ROAD, STONE MOUNTAIN, GA 30087",,WADE WALKER FAMILY YMCA,https://www.dekalbcountyga.gov/sites/default/files/users/user304/DeKalb%20Dropbox%20Locations_0.pdf
Dekalb,"7136 ROCKBRIDGE ROAD, STONE MOUNTAIN, GA, 30087",,DEKALB COUNTY FIRE STATION # 25,https://www.dekalbcountyga.gov/sites/default/files/users/user304/DeKalb%20Dropbox%20Locations_0.pdf
Dekalb,"3921 CHURCH STREET, CLARKSTON, GA 30021",,CLARKSTON CITY HILL,https://www.dekalbcountyga.gov/sites/default/files/users/user304/DeKalb%20Dropbox%20Locations_0.pdf
Dekalb,"5137 SALEM ROAD, LITHONIA, GA 30038",,SALEM – PANOLA LIBRARY,https://www.dekalbcountyga.gov/sites/default/files/users/user304/DeKalb%20Dropbox%20Locations_0.pdf
Dekalb,"2418 GRESHAM ROAD, ATLANTA, GA 30316",,DEKALB COUNTY LIBRARY – GRESHAM BRANCH,https://www.dekalbcountyga.gov/sites/default/files/users/user304/DeKalb%20Dropbox%20Locations_0.pdf
Dekalb,"1569 WELLBORN ROAD, LITHONIA, GA 30058",,REDAN-TROTTI LIBRARY,https://www.dekalbcountyga.gov/sites/default/files/users/user304/DeKalb%20Dropbox%20Locations_0.pdf
Dodge,"    5016 Courthouse Cir, Eastman, GA 31023",,,https://georgiapeanutgallery.org/2020/09/28/drop-box-locations-for-november-3-2020-election/
Dooly,"    402 Hawkinsville Hwy, Vienna GA  31092",,,https://georgiapeanutgallery.org/2020/09/28/drop-box-locations-for-november-3-2020-election/
Dougherty,"    Government Center 222 Pine Avenue Albany, GA 31701",,,https://georgiapeanutgallery.org/2020/09/28/drop-box-locations-for-november-3-2020-election/
Douglas,"8700 Hospital Drive, Douglasville GA 30134","Outside the courthouse, in front and to the right, by the bike rack",Courthouse (Outside),https://www.celebratedouglascounty.com/562/Drop-Box-Locations
Douglas,"8700 Hospital Drive, Douglasville GA 30134","1st floor, outside of Registration office",Courthouse (Inside),https://www.celebratedouglascounty.com/562/Drop-Box-Locations
Douglas,"6200 Fairburn Road
Douglasville, GA 30134",,DOUGLAS COUNTY GOVT ANNEX,https://www.celebratedouglascounty.com/562/Drop-Box-Locations
Douglas,"6754 W. Church Street
Douglasville, GA  30134",,OLD COURTHOUSE,https://www.celebratedouglascounty.com/562/Drop-Box-Locations
Douglas,"6810 Selman Drive
Douglasville, GA 30134",,DOUGLAS COUNTY PUBLIC LIBRARY,https://www.celebratedouglascounty.com/562/Drop-Box-Locations
Douglas,"7100 Turner Drive
Lithia Springs, GA  30122",,LITHIA SPRINGS PUBLIC LIBRARY,https://www.celebratedouglascounty.com/562/Drop-Box-Locations
Douglas,"6100 Georgia Highway 5
Douglasville, GA 30135",,DOG RIVER LIBRARY,https://www.celebratedouglascounty.com/562/Drop-Box-Locations
Douglas,"2105 MACK ROAD
DOUGLASVILLE, GA 30135",,DEER LICK PARK,https://www.celebratedouglascounty.com/562/Drop-Box-Locations
Douglas,"5000 Highway 92/166
Douglasville, GA 30135",,BOUNDARY WATER AQUATIC CENTER,https://www.celebratedouglascounty.com/562/Drop-Box-Locations
Douglas,"8830 GURLEY ROAD
DOUGLASVILLE, GA 30134",,HUNTER PARK,https://www.celebratedouglascounty.com/562/Drop-Box-Locations
Douglas,"7775 Malone Street
Douglasville, GA 30134",,JESSE DAVIS PARK,https://www.celebratedouglascounty.com/562/Drop-Box-Locations
Early,"17 McDonald Ave, Blakey, GA 39823",,,https://georgiapeanutgallery.org/2020/09/28/drop-box-locations-for-november-3-2020-election/
Echols,"    110 GA-94, Statenville GA 31648",,,https://georgiapeanutgallery.org/2020/09/28/drop-box-locations-for-november-3-2020-election/
Effingham,"    284 GA Highway 119 S, Springfield GA 31329",,,https://georgiapeanutgallery.org/2020/09/28/drop-box-locations-for-november-3-2020-election/
Elbert,"    45 Forest Avenue, Elberton GA 30635",,,https://georgiapeanutgallery.org/2020/09/28/drop-box-locations-for-november-3-2020-election/
Emanuel,"    105 South Main St, Swainsboro GA 30401",,,https://georgiapeanutgallery.org/2020/09/28/drop-box-locations-for-november-3-2020-election/
Evans,"    201 Freeman Street, Suite 10, Claxton GA 30417",,,https://georgiapeanutgallery.org/2020/09/28/drop-box-locations-for-november-3-2020-election/
Fannin,"    400 West Main Street, Blueridge Ga 30513",,,https://georgiapeanutgallery.org/2020/09/28/drop-box-locations-for-november-3-2020-election/
Fayette,"140 Stonewall Avenue West
Fayetteville, Georgia 30214",near Heritage Park Fountain,Fayette County Administrative Complex,https://www.fayettecountyga.gov/elections/
Fayette,"201 Willowbend Road
Peachtree City, Georgia 30269",back of building on ground floor,Peachtree City Public Library,https://www.fayettecountyga.gov/elections/
Fayette,"945 Senoia Road
Tyrone, Georgia 3290",,Tyrone Police Department,https://www.fayettecountyga.gov/elections/
Fayette,"961 Highway 85 Connector
Brooks, Georgia 30205",,Brooks Town Hall,https://www.fayettecountyga.gov/elections/
Floyd,"12 East 4th Avenue, 2nd Floor, Suite 206 Rome, GA 30161 ",on the 1st st. side of the building.,Floyd County Administration Building,https://georgiapeanutgallery.org/2020/09/28/drop-box-locations-for-november-3-2020-election/
Floyd,205 Riverside PKWY NE Rome GA 30161,,Sara Hightower Library,https://georgiapeanutgallery.org/2020/09/28/drop-box-locations-for-november-3-2020-election/
Forsyth,"    1201 Sawnee Drive, Cumming GA 30040",,,https://georgiapeanutgallery.org/2020/09/28/drop-box-locations-for-november-3-2020-election/
Franklin,"    7850 Royston Rd, Carnesville GA 30521",,,https://georgiapeanutgallery.org/2020/09/28/drop-box-locations-for-november-3-2020-election/
Fulton,"2231 Campbellton Road, Atlanta, GA 30311",,Adams Park Library,https://georgiapeanutgallery.org/2020/09/28/drop-box-locations-for-november-3-2020-election/
Fulton,"3424 Martin Luther King Jr Drive, Atlanta, GA 30331",,Adamsville/Collier Heights Library,https://georgiapeanutgallery.org/2020/09/28/drop-box-locations-for-november-3-2020-election/
Fulton,10 Park Plaza Alpharetta GA 30009,,Alpharetta Branch Library,https://georgiapeanutgallery.org/2020/09/28/drop-box-locations-for-november-3-2020-election/
Fulton,"101 Auburn Avenue, NE Atlanta GA 30303",,Auburn Avenue Research Library,https://georgiapeanutgallery.org/2020/09/28/drop-box-locations-for-november-3-2020-election/
Fulton,"269 Buckhead Avenue, NE, Atlanta, GA 30305",,Buckhead Library,https://georgiapeanutgallery.org/2020/09/28/drop-box-locations-for-november-3-2020-election/
Fulton,"47 Cleveland Avenue SW, Atlanta, GA 30315",,Cleveland Avenue Library,https://georgiapeanutgallery.org/2020/09/28/drop-box-locations-for-november-3-2020-election/
Fulton,3647 Main Street College Park GA 30337,,College Park Branch Library,https://georgiapeanutgallery.org/2020/09/28/drop-box-locations-for-november-3-2020-election/
Fulton,"1838 Donald Lee Hollowell Parkway, Atlanta, GA 30318",,Dogwood Library,https://georgiapeanutgallery.org/2020/09/28/drop-box-locations-for-november-3-2020-election/
Fulton,2757 Main Street East Point GA 30344,,East Point Branch Library,https://georgiapeanutgallery.org/2020/09/28/drop-box-locations-for-november-3-2020-election/
Fulton,2301 Holcomb Bridge Road Roswell GA 30076,,East Roswell Branch Library,https://georgiapeanutgallery.org/2020/09/28/drop-box-locations-for-november-3-2020-election/
Fulton,"3665 Cascade Road, SW Atlanta GA 30331",,Evelyn G. Lowery at Cascade,https://georgiapeanutgallery.org/2020/09/28/drop-box-locations-for-november-3-2020-election/
Fulton,60 Valley View Drive Fairburn GA 30213,,Fairburn Branch Library,https://georgiapeanutgallery.org/2020/09/28/drop-box-locations-for-november-3-2020-election/
Fulton,"141 Pryor Street, SW, Atlanta, GA 30303",Boxes located on Peachtree & Pryor,Fulton County Government Center,https://georgiapeanutgallery.org/2020/09/28/drop-box-locations-for-november-3-2020-election/
Fulton,"130 Peachtree Street, SW, Atlanta, GA 30303",Boxes located on Peachtree & Pryor,Fulton County Government Center,https://georgiapeanutgallery.org/2020/09/28/drop-box-locations-for-november-3-2020-election/
Fulton,4055 Flat Shoals Road Union City GA 30291,,Gladys S. Dennard Library at South Fulton,https://georgiapeanutgallery.org/2020/09/28/drop-box-locations-for-november-3-2020-election/
Fulton,8100 Holcomb Bridge Road Alpharetta GA 30022,,Johns Creek Environmental Campus,https://georgiapeanutgallery.org/2020/09/28/drop-box-locations-for-november-3-2020-election/
Fulton,"1463 Pryor Road, SW, Atlanta, GA 30315",,Louise Watley Library at Southeast Atlanta,https://georgiapeanutgallery.org/2020/09/28/drop-box-locations-for-november-3-2020-election/
Fulton,"400 Formwalt Street, Atlanta, GA 30312",,Mechanicsville Library,https://georgiapeanutgallery.org/2020/09/28/drop-box-locations-for-november-3-2020-election/
Fulton,1332 Metropolitan Parkway Atlanta GA 30310,,Metropolitan Branch Library,https://georgiapeanutgallery.org/2020/09/28/drop-box-locations-for-november-3-2020-election/
Fulton,855 Mayfield Road Milton GA 30009,,Milton Branch Library,https://georgiapeanutgallery.org/2020/09/28/drop-box-locations-for-november-3-2020-election/
Fulton,7741 Roswell Road Sandy Springs GA 30350,,North Fulton Service Center,https://georgiapeanutgallery.org/2020/09/28/drop-box-locations-for-november-3-2020-election/
Fulton,5025 Roswell Road Atlanta GA 30342,,North Training Center,https://georgiapeanutgallery.org/2020/09/28/drop-box-locations-for-november-3-2020-election/
Fulton,"9560 Spruill Road, Alpharetta GA 30022",,Northeast /Spruill Oaks Library,https://georgiapeanutgallery.org/2020/09/28/drop-box-locations-for-november-3-2020-election/
Fulton,"3295 Northside Parkway, NW, Atlanta, GA 30327",,Northside Library,https://georgiapeanutgallery.org/2020/09/28/drop-box-locations-for-november-3-2020-election/
Fulton,"2489 Perry Boulevard, NW Atlanta GA 30318",,Northwest Branch Library at Scotts Crossing,https://georgiapeanutgallery.org/2020/09/28/drop-box-locations-for-november-3-2020-election/
Fulton,9111 Cascade Palmetto Highway Palmetto GA 30268,,Palmetto Branch Library,https://georgiapeanutgallery.org/2020/09/28/drop-box-locations-for-november-3-2020-election/
Fulton,"980 Ponce De Leon Ave NE, Atlanta, GA 30306",,Ponce De Leon Library,https://georgiapeanutgallery.org/2020/09/28/drop-box-locations-for-november-3-2020-election/
Fulton,5090 Abbotts Bridge Road Johns Creek GA 30005,,Robert E. Fulton Regional Library at Ocee,https://georgiapeanutgallery.org/2020/09/28/drop-box-locations-for-november-3-2020-election/
Fulton,115 Norcross Street Roswell GA 30075,,Roswell Branch Library,https://georgiapeanutgallery.org/2020/09/28/drop-box-locations-for-november-3-2020-election/
Fulton,"395 Mt Vernon Highway, NE Sandy Springs GA 30328",,Sandy Springs Branch Library,https://georgiapeanutgallery.org/2020/09/28/drop-box-locations-for-november-3-2020-election/
Fulton,5600 Stonewall Tell Road College Park GA 30349,,South Fulton Service Center,https://georgiapeanutgallery.org/2020/09/28/drop-box-locations-for-november-3-2020-election/
Fulton,"1116 Martin Luther King Jr Drive, Atlanta, GA 30314",,Washington Park Library,https://georgiapeanutgallery.org/2020/09/28/drop-box-locations-for-november-3-2020-election/
Fulton,"525 Peeples Street SW, Atlanta, GA 30310",,West End Library,https://georgiapeanutgallery.org/2020/09/28/drop-box-locations-for-november-3-2020-election/
Fulton,3100 Enon Road Atlanta GA 30331,,Wolf Creek Branch Library,https://georgiapeanutgallery.org/2020/09/28/drop-box-locations-for-november-3-2020-election/
Glascock,"    676 West Main Street, Gibson GA 30810",,,https://georgiapeanutgallery.org/2020/09/28/drop-box-locations-for-november-3-2020-election/
Glynn,"    1815 Gloucester Street, Brunswick GA 31520",,,https://georgiapeanutgallery.org/2020/09/28/drop-box-locations-for-november-3-2020-election/
Gordon,"101 S. Piedmont Street, Calhoun, Georgia, 30103",,Official Absentee Ballot Drop Box,https://georgiapeanutgallery.org/2020/09/28/drop-box-locations-for-november-3-2020-election/
Grady,    250 North Broad Street Cairo Ga 39828,,,https://georgiapeanutgallery.org/2020/09/28/drop-box-locations-for-november-3-2020-election/
Greene,"    1180 C Weldon Smith Dr, Suite 120, Greensboro Ga 30642",,,https://georgiapeanutgallery.org/2020/09/28/drop-box-locations-for-november-3-2020-election/
Gwinnett," 2723 North Bogan Road, Buford, GA 30519",,Bogan Park Community Recreation Center,https://georgiapeanutgallery.org/2020/09/28/drop-box-locations-for-november-3-2020-election/
Gwinnett,"2735 Old Auburn Ave., Dacula, GA 30019",,Dacula Park Activity Building,https://georgiapeanutgallery.org/2020/09/28/drop-box-locations-for-november-3-2020-election/
Gwinnett,"55 Buford Highway, Suwanee, GA 30024",,George Pierce Park Community Recreation Center,https://georgiapeanutgallery.org/2020/09/28/drop-box-locations-for-november-3-2020-election/
Gwinnett,"4515 Lenora Church Road, Snellville, GA 30039",,Lenora Park Gym,https://georgiapeanutgallery.org/2020/09/28/drop-box-locations-for-november-3-2020-election/
Gwinnett,"4651 Britt Road, Norcross, GA 30093",,Lucky Shoals Park Community Recreation Center,https://georgiapeanutgallery.org/2020/09/28/drop-box-locations-for-november-3-2020-election/
Gwinnett,"1063 Rockbridge Road, Stone Mountain, GA 30087",,Mountain Park Aquatic Center,https://georgiapeanutgallery.org/2020/09/28/drop-box-locations-for-november-3-2020-election/
Gwinnett,"2750 Pleasant Hill Road, Duluth, GA 30096",,Shorty Howell Park Activity Building,https://georgiapeanutgallery.org/2020/09/28/drop-box-locations-for-november-3-2020-election/
Gwinnett,"455 Grayson Highway, Suite 200, Lawrenceville",2 ballot drop boxes at this location,Voter Registrations and Elections Beauty P. Baldwin Building,https://georgiapeanutgallery.org/2020/09/28/drop-box-locations-for-november-3-2020-election/
Gwinnett,"2100 Buford Hwy, Buford, GA 30518",,Buford-Sugar Hill Library,https://georgiapeanutgallery.org/2020/09/28/drop-box-locations-for-november-3-2020-election/
Gwinnett,"3025 Bethany Church Road, Snellville, GA 30039",,Centerville Library,https://georgiapeanutgallery.org/2020/09/28/drop-box-locations-for-november-3-2020-election/
Gwinnett,"455 Camp Perrin Road, Lawrenceville, GA 30043",,Collins Hill Library,https://georgiapeanutgallery.org/2020/09/28/drop-box-locations-for-november-3-2020-election/
Gwinnett,"265 Dacula Road, Dacula, GA 30019",,Dacula Library,https://georgiapeanutgallery.org/2020/09/28/drop-box-locations-for-november-3-2020-election/
Gwinnett,"3480 Duluth Park Lane, Duluth, GA 30096",,Duluth Library,https://georgiapeanutgallery.org/2020/09/28/drop-box-locations-for-november-3-2020-election/
Gwinnett,"2780 Five Forks Trickum Road, Lawrenceville, GA 30044",,Five Forks Library,https://georgiapeanutgallery.org/2020/09/28/drop-box-locations-for-november-3-2020-election/
Gwinnett,"700 Grayson Parkway, Grayson, GA 30017",,Grayson Library,https://georgiapeanutgallery.org/2020/09/28/drop-box-locations-for-november-3-2020-election/
Gwinnett,"3690 Braselton Highway, Dacula, GA 30019",,Hamilton Mill Library,https://georgiapeanutgallery.org/2020/09/28/drop-box-locations-for-november-3-2020-election/
Gwinnett,"1001 Lawrenceville Highway, Lawrenceville, GA 30046",,Lawrenceville Library,https://georgiapeanutgallery.org/2020/09/28/drop-box-locations-for-november-3-2020-election/
Gwinnett,"4817 Church Street, Lilburn, GA 30047",,Lilburn Library,https://georgiapeanutgallery.org/2020/09/28/drop-box-locations-for-november-3-2020-election/
Gwinnett,"1210 Pounds Road SW, Lilburn, GA 30047",,Mountain Park Library,https://georgiapeanutgallery.org/2020/09/28/drop-box-locations-for-november-3-2020-election/
Gwinnett,"6025 Buford Hwy., Norcross, GA 30071",,Norcross Library,https://georgiapeanutgallery.org/2020/09/28/drop-box-locations-for-november-3-2020-election/
Gwinnett,"5570 Spalding Drive, Peachtree Corners, GA 30092",,Peachtree Corners Library,https://georgiapeanutgallery.org/2020/09/28/drop-box-locations-for-november-3-2020-election/
Gwinnett,"2740 Lenora Church Road, Snellville, GA 30078",,Snellville Library,https://georgiapeanutgallery.org/2020/09/28/drop-box-locations-for-november-3-2020-election/
Gwinnett,"361 Main Street, Suwanee, GA 30024",,Suwanee Library,https://georgiapeanutgallery.org/2020/09/28/drop-box-locations-for-november-3-2020-election/
Hall,"    2875 Browns Bridge Road, Lower Level Gainesville GA 30504",,,https://georgiapeanutgallery.org/2020/09/28/drop-box-locations-for-november-3-2020-election/
Hancock,"    9091 East Broad Street ,P.O. Box 118, Sparta GA 31087",,,https://georgiapeanutgallery.org/2020/09/28/drop-box-locations-for-november-3-2020-election/
Haralson,"    4485 Ga -120 Buchanan, GA 30113",,,https://georgiapeanutgallery.org/2020/09/28/drop-box-locations-for-november-3-2020-election/
Harris,"104  North College Street, PO Box 123, Hamilton, GA 31811",,,https://georgiapeanutgallery.org/2020/09/28/drop-box-locations-for-november-3-2020-election/
Hart,"182 Cade Street, Suite B, Hartwell, GA 30643",,,https://georgiapeanutgallery.org/2020/09/28/drop-box-locations-for-november-3-2020-election/
Henry,"40 Atlanta St., McDonough, GA 30253",,,https://georgiapeanutgallery.org/2020/09/28/drop-box-locations-for-november-3-2020-election/
Houston,"801 Main St, Perry, GA 31069",,,https://georgiapeanutgallery.org/2020/09/28/drop-box-locations-for-november-3-2020-election/
Houston,"200 Carl Vinson Parkway, Warner Robins GA 31088",,,https://georgiapeanutgallery.org/2020/09/28/drop-box-locations-for-november-3-2020-election/
Irwin,"507 Suite C North Irwin Ave Ocilla, GA 31774",,,https://georgiapeanutgallery.org/2020/09/28/drop-box-locations-for-november-3-2020-election/
Jackson,441 Gordon St. Jefferson GA 30549,,,https://georgiapeanutgallery.org/2020/09/28/drop-box-locations-for-november-3-2020-election/
Jasper,"126 Greene St., Monticello GA 31064",,,https://georgiapeanutgallery.org/2020/09/28/drop-box-locations-for-november-3-2020-election/
Jeff Davis,"14 Jeff Davis Street, Fayetteville GA 30214",,,https://georgiapeanutgallery.org/2020/09/28/drop-box-locations-for-november-3-2020-election/
Jefferson,"415 Green Street, Louisville GA 30434",,,https://georgiapeanutgallery.org/2020/09/28/drop-box-locations-for-november-3-2020-election/
Jones,"166 Industrial Boulevard #107, Gray, GA 31032",,,https://georgiapeanutgallery.org/2020/09/28/drop-box-locations-for-november-3-2020-election/
Lamar ,"408 Thomaston Street, Suite D, Barnesville GA 30204",,,https://georgiapeanutgallery.org/2020/09/28/drop-box-locations-for-november-3-2020-election/
Lanier,"162 West Thigpen, Suite C, Lakeland, GA 31635",,,https://georgiapeanutgallery.org/2020/09/28/drop-box-locations-for-november-3-2020-election/
Laurens ,"117 E Jackson Street, Dublin, GA 31021",,,https://georgiapeanutgallery.org/2020/09/28/drop-box-locations-for-november-3-2020-election/
Lee,"100 Starkville Avenue North, Suite C, Leesburg Georgia 31763",,,https://georgiapeanutgallery.org/2020/09/28/drop-box-locations-for-november-3-2020-election/
Liberty ,"100 N. Main St. Hinesville, GA 31313",Midway Street/Bradwell Park side,Liberty County Elections Board,https://georgiapeanutgallery.org/2020/09/28/drop-box-locations-for-november-3-2020-election/
Liberty,"9397 E Oglethorpe Hwy, Midway, GA",,,https://georgiapeanutgallery.org/2020/09/28/drop-box-locations-for-november-3-2020-election/
Lincoln,"160 May Ave, Lincolnton GA 30817",,,https://georgiapeanutgallery.org/2020/09/28/drop-box-locations-for-november-3-2020-election/
Long,"49 S Mcdonald St, Ludowici, GA 31316",,,https://georgiapeanutgallery.org/2020/09/28/drop-box-locations-for-november-3-2020-election/
Lowndes ,"2808 N. Oak St, Valdosta GA 31601",,,https://georgiapeanutgallery.org/2020/09/28/drop-box-locations-for-november-3-2020-election/
Lumpkin ,"56 Short Street, Dahlonega GA 30533",,,https://georgiapeanutgallery.org/2020/09/28/drop-box-locations-for-november-3-2020-election/
Macon,"100 Macon Street, Oglethorpe GA 31068",,,https://georgiapeanutgallery.org/2020/09/28/drop-box-locations-for-november-3-2020-election/
Madison,94 Spring Lake Dr. Danielsville GA 30633,,,https://georgiapeanutgallery.org/2020/09/28/drop-box-locations-for-november-3-2020-election/
Marion,"100 Burkhalter Ave. Buena Vista, GA 31803",,,https://georgiapeanutgallery.org/2020/09/28/drop-box-locations-for-november-3-2020-election/
McDuffie ,"337 Main Street, Suite 101, Thomson GA 30824",,,https://georgiapeanutgallery.org/2020/09/28/drop-box-locations-for-november-3-2020-election/
McDuffie ,"4614 Augusta Hwy, Dearing, GA 30808",,,https://georgiapeanutgallery.org/2020/09/28/drop-box-locations-for-november-3-2020-election/
McIntosh,"103 Jefferson St., Darien, GA 31305",,,https://georgiapeanutgallery.org/2020/09/28/drop-box-locations-for-november-3-2020-election/
Mitchell ,"11 West Broad Street, Camilla, GA 31730",,,https://georgiapeanutgallery.org/2020/09/28/drop-box-locations-for-november-3-2020-election/
Monroe,"38 W Main St., Forsyth GA 31029",,,https://georgiapeanutgallery.org/2020/09/28/drop-box-locations-for-november-3-2020-election/
Morgan,"434 Hancock Street, Madison, GA 30650",,,https://georgiapeanutgallery.org/2020/09/28/drop-box-locations-for-november-3-2020-election/
Murray,"121 N 4th Ave., Chatsworth, GA 30705",,,https://georgiapeanutgallery.org/2020/09/28/drop-box-locations-for-november-3-2020-election/
Muskogee ,"3111 Citizens Way, Columbus GA 31906",,,https://georgiapeanutgallery.org/2020/09/28/drop-box-locations-for-november-3-2020-election/
Muskogee,"1441 Benning Dr., Columbus GA 31903",,Frank D. Chester Recreation Center ,https://georgiapeanutgallery.org/2020/09/28/drop-box-locations-for-november-3-2020-election/
Muskogee,"5601 Veterans Parkway, Columbus, GA 31904",,Columbus Health Department Building ,https://georgiapeanutgallery.org/2020/09/28/drop-box-locations-for-november-3-2020-election/
Newton,"1113 Usher Street, Covington GA 30014",,,https://georgiapeanutgallery.org/2020/09/28/drop-box-locations-for-november-3-2020-election/
Oconee,"Oconee County Elections Board 10 Court St, Watkinsville, GA 30677",,"
Oconee County Elections Board
",https://www.oconeecounty.com/247/Elections-Registration
Oglethorpe ,"109 Boggs St., Lexington GA 30648",Only accessible during business hours. Inside of building lower level outside of office.,,https://georgiapeanutgallery.org/2020/09/28/drop-box-locations-for-november-3-2020-election/
Paulding,"240 Constitution Blvd., Dallas GA 30132",In front corner facing clock tower,County Administration Building ,https://georgiapeanutgallery.org/2020/09/28/drop-box-locations-for-november-3-2020-election/
Paulding ,"217 Main Street, Hiram GA 30141",,Hiram City Hall,https://georgiapeanutgallery.org/2020/09/28/drop-box-locations-for-november-3-2020-election/
Peach ,"205 W Church St., Fort Valley, GA 31030-0853","8am-5pm, inside of courthouse. Address given is on maps, other address could be 213 Persons Street, Fort Valley, GA 31030-0853",,https://georgiapeanutgallery.org/2020/09/28/drop-box-locations-for-november-3-2020-election/
Peach,"401 Main St., Byron GA 31008",,,https://georgiapeanutgallery.org/2020/09/28/drop-box-locations-for-november-3-2020-election/
Pickens,"83 Pioneer Road, Jasper GA 30143",,,https://georgiapeanutgallery.org/2020/09/28/drop-box-locations-for-november-3-2020-election/
Pierce ,"312 Nichols Street, Suite 2, Blackshear GA 31516",,,https://georgiapeanutgallery.org/2020/09/28/drop-box-locations-for-november-3-2020-election/
Pike,"81 Jackson Street, Zebulon GA 30295",,,https://georgiapeanutgallery.org/2020/09/28/drop-box-locations-for-november-3-2020-election/
Polk,"144 West Avenue, Ste. D, Cedartown GA 30125",,,https://georgiapeanutgallery.org/2020/09/28/drop-box-locations-for-november-3-2020-election/
Pulaski ,"45 South Lumpkin Street, Suite 107, Hawkinsville GA 31036",,,https://georgiapeanutgallery.org/2020/09/28/drop-box-locations-for-november-3-2020-election/
Putnam,"100 S. Jefferson Avenue, Suite 217, Eatonton, GA 31024",8am-5pm inside of courthouse ,,https://georgiapeanutgallery.org/2020/09/28/drop-box-locations-for-november-3-2020-election/
Quitman,"46 Old School Rd., Georgetown, GA 39854",,,https://georgiapeanutgallery.org/2020/09/28/drop-box-locations-for-november-3-2020-election/
Rabun ,"18 Old Raca High Drive, Suite 105, Clayton GA 30525","There's a note that says ""Jo Dotson drop box removed"", not sure if that refers to this location ",,https://georgiapeanutgallery.org/2020/09/28/drop-box-locations-for-november-3-2020-election/
Richmond Augusta,"535 Telfair Street, Augusta GA 30901",,Municipal Building ,https://georgiapeanutgallery.org/2020/09/28/drop-box-locations-for-november-3-2020-election/
Richmond Augusta,"4335 Windsor Spring Road, Hephzibah GA 30815",,Diamond Lakes Regional Park,https://georgiapeanutgallery.org/2020/09/28/drop-box-locations-for-november-3-2020-election/
Richmond Augusta,"2463 Golden Camp Road, Augusta GA 30906",,Henry Brigham Community Center ,https://georgiapeanutgallery.org/2020/09/28/drop-box-locations-for-november-3-2020-election/
Richmond Augusta,"300 Warren Road, Augusta GA 30907",,Warren Road Recreation Center ,https://georgiapeanutgallery.org/2020/09/28/drop-box-locations-for-november-3-2020-election/
Richmond Augusta,"3463 Peach Orchard Road, Augusta GA 30906",,Augusta Service Center ,https://georgiapeanutgallery.org/2020/09/28/drop-box-locations-for-november-3-2020-election/
Rockdale,"1261 Commercial Drive SW, Suite B, Conyers GA 30094",,,https://georgiapeanutgallery.org/2020/09/28/drop-box-locations-for-november-3-2020-election/
Schley ,"47 N Pecan Street, Ellaville GA 31806",,,https://georgiapeanutgallery.org/2020/09/28/drop-box-locations-for-november-3-2020-election/
Screven ,"216 Mims Road, Sylvania, GA 30467",,,https://georgiapeanutgallery.org/2020/09/28/drop-box-locations-for-november-3-2020-election/
Spalding,"825 Memorial Drive, Griffin GA 30223",,,https://georgiapeanutgallery.org/2020/09/28/drop-box-locations-for-november-3-2020-election/
Stephens,"70 Alexander Street, Tugalo GA 30577",New location ,,https://georgiapeanutgallery.org/2020/09/28/drop-box-locations-for-november-3-2020-election/
Sumter ,"500 West Lamar Street, Americus GA 31709",,,https://georgiapeanutgallery.org/2020/09/28/drop-box-locations-for-november-3-2020-election/
Talbot,"141 N Jefferson Avenue, Talbotton GA 31827",,,https://georgiapeanutgallery.org/2020/09/28/drop-box-locations-for-november-3-2020-election/
Talbot,"188 Jackson Avenue, Talbotton GA 31827",,,https://georgiapeanutgallery.org/2020/09/28/drop-box-locations-for-november-3-2020-election/
Tattnall ,"114 West Brazell Street, Reidsville GA 30453",,,https://georgiapeanutgallery.org/2020/09/28/drop-box-locations-for-november-3-2020-election/
Taylor ,"1B Ivy Street, But,Ed GA 31006",Outside office on the wall ,,https://georgiapeanutgallery.org/2020/09/28/drop-box-locations-for-november-3-2020-election/
Telfair ,"91 Telfair Avenue, McRae-Helena GA 31055",,,https://georgiapeanutgallery.org/2020/09/28/drop-box-locations-for-november-3-2020-election/
Terrell ,"955 Forrester Drive SE, Dawson GA 39842",,,https://georgiapeanutgallery.org/2020/09/28/drop-box-locations-for-november-3-2020-election/
Thomas,"1402 E Jackson Street, Thomasville GA 31792",,,https://georgiapeanutgallery.org/2020/09/28/drop-box-locations-for-november-3-2020-election/
Tift,"222 Chestnut Avenue, Ste. B, Tifton GA 31794",Inside lobby,,https://georgiapeanutgallery.org/2020/09/28/drop-box-locations-for-november-3-2020-election/
Tift ,"225 Tift Avenue, Tifton GA 31794",,,https://georgiapeanutgallery.org/2020/09/28/drop-box-locations-for-november-3-2020-election/
Towns ,"67 Lakeview Circle, Suite A, Hiawassee GA 30546",,,https://georgiapeanutgallery.org/2020/09/28/drop-box-locations-for-november-3-2020-election/
Troup ,"100 Ridley Avenue, Suite 1100, LaGrange GA 30240",,,https://georgiapeanutgallery.org/2020/09/28/drop-box-locations-for-november-3-2020-election/
Turner ,"1807 US-41, Sycamore, GA 31790",,,https://georgiapeanutgallery.org/2020/09/28/drop-box-locations-for-november-3-2020-election/
Upson ,"305 S Hightower Street, Suite 130, Thomaston GA 30286",,,https://georgiapeanutgallery.org/2020/09/28/drop-box-locations-for-november-3-2020-election/
Walker ,"103 South Duke Street, Lafayette GA 30728",,,https://georgiapeanutgallery.org/2020/09/28/drop-box-locations-for-november-3-2020-election/
Walton,"1110 East Spring Street, Monroe GA 30655",Address change ,,https://georgiapeanutgallery.org/2020/09/28/drop-box-locations-for-november-3-2020-election/
Ware ,"408 Tebeau Street, Waycross GA 31501",,,https://georgiapeanutgallery.org/2020/09/28/drop-box-locations-for-november-3-2020-election/
Wayne,"359 E Walnut Street, Jesup GA 31545",,,https://georgiapeanutgallery.org/2020/09/28/drop-box-locations-for-november-3-2020-election/
Webster ,"40 Cemetery Road, Preston GA 31824",,,https://georgiapeanutgallery.org/2020/09/28/drop-box-locations-for-november-3-2020-election/
Wheeler,"16 W Forest Avenue, Homerville GA 31634",,,https://georgiapeanutgallery.org/2020/09/28/drop-box-locations-for-november-3-2020-election/
White ,"1241 Helen Hwy, Suite 210-A, Cleveland GA 30528",,,https://georgiapeanutgallery.org/2020/09/28/drop-box-locations-for-november-3-2020-election/
Whitfield ,"205 N Selvidge Street, Dalton GA 30720",,,https://georgiapeanutgallery.org/2020/09/28/drop-box-locations-for-november-3-2020-election/
Wilkes,"23 Court Street, Room 113, Washington GA 30673",,,https://georgiapeanutgallery.org/2020/09/28/drop-box-locations-for-november-3-2020-election/
Wilkinson ,"100 Bacon Street, Irwinton GA 31042",,,https://georgiapeanutgallery.org/2020/09/28/drop-box-locations-for-november-3-2020-election/
Worth,"201 North Main Street, Room 10, Sylvester GA 31791",,,https://georgiapeanutgallery.org/2020/09/28/drop-box-locations-for-november-3-2020-election/